0.3278579766600342	-4.695084	0.18181818181818182
0.30493285152108107	-4.1538067	0.17857142857142858
0.3933950998778102	-3.783196	0.21518987341772153
0.9999999999999943	-3.9040973	1.0
0.2672186349491544	-5.3503575	0.078125
0.21763562927060398	-8.835764	0.03968253968253968
0.4945051864564577	-2.7606869	0.40441176470588236
0.36647292554235866	-4.043866	0.17460317460317462
0.4789305570664175	-3.0651855	0.34615384615384615
1.000000000000009	-3.4245925	1.0
0.26250950650217547	-4.0451446	0.08088235294117647
0.2609596394084746	-8.062185	0.028846153846153848
0.503559827876897	-5.598548	0.32432432432432434
0.4410723494221489	-4.8444214	0.1627906976744186
0.42013949828297525	-5.8080688	0.2553191489361702
0.9999999999999967	-5.4672804	1.0
0.2028871432290812	-3.502432	0.05970149253731343
0.23821108133666846	-7.956609	0.011904761904761904
0.3254579382001454	-4.177176	0.22159090909090906
0.38879266061983675	-3.805157	0.20081967213114751
0.3477951145952603	-4.0690756	0.1592920353982301
1.0000000000000022	-3.805747	1.0
0.22471722733138755	-4.0646753	0.05660377358490566
0.20310096747129308	-9.22101	0.012195121951219513
0.21223525413549932	-3.7227	0.28888888888888886
0.39139975182203374	-4.79032	0.25
0.3775434534146901	-4.752183	0.23134328358208953
0.9999999999999962	-3.6985993	1.0
0.21320453696234068	-3.5583713	0.06666666666666667
0.19733767123625257	-6.901755	0.05454545454545455
0.2849096699503654	-7.2493544	0.0661764705882353
0.4127407256593692	-4.455956	0.18055555555555552
0.3553794472390471	-4.8787947	0.19014084507042253
0.9999999999999952	-5.3137426	1.0
0.278304052651884	-5.803717	0.06451612903225806
0.24015706991013036	-7.72967	0.00909090909090909
0.25295297712175724	-4.251659	0.13265306122448978
0.3265325467948358	-3.6783452	0.20138888888888892
0.2123236555177696	-3.6777396	0.2164179104477612
1.000000000000005	-4.0577774	1.0
0.2538893643570839	-3.3625138	0.058823529411764705
0.27177764879755056	-7.6968293	0.03636363636363636
0.36479654718540233	-4.075855	0.18749999999999997
0.35148008601085207	-3.8270278	0.15714285714285714
0.4218455256448898	-3.6464112	0.1796116504854369
1.0000000000000044	-4.6644883	1.0
0.23949483387447665	-3.7354248	0.06481481481481481
0.22852293030921775	-8.384033	0.020833333333333332
0.3284021871259594	-4.3964696	0.18493150684931506
0.4765642162881412	-4.203933	0.22727272727272724
0.46346677687568305	-3.323489	0.2552083333333333
0.9999999999999761	-4.334687	1.0
0.21066887297247402	-3.9810705	0.049999999999999996
0.27424397549416313	-7.7566385	0.03571428571428571
0.3641658255493435	-3.384693	0.2641509433962264
0.2595429881016611	-4.349995	0.16964285714285715
0.36880665781376126	-3.9850345	0.13636363636363638
1.000000000000001	-5.7395253	1.0
0.25196229103683176	-4.1199517	0.07291666666666667
0.25050944909782674	-7.6725273	0.03191489361702128
0.5340352202228628	-3.2694361	0.42857142857142855
0.4059434434578698	-3.3968945	0.19791666666666663
0.5275889727129643	-2.838722	0.3636363636363636
0.9999999999999997	-2.783979	1.0
0.24918568838049185	-4.192048	0.07608695652173914
0.24076082954220285	-7.6057587	0.0697674418604651
0.24412755849642473	-2.913043	0.20408163265306123
0.38056650314394874	-3.9586585	0.2164179104477612
0.29356164659191536	-3.0697956	0.20833333333333331
0.9999999999999966	-3.3036098	1.0
0.23462824261867726	-3.6263366	0.04807692307692308
0.24253113539800794	-8.540533	0.03333333333333333
0.49678893572739263	-3.8019972	0.3888888888888889
0.24947794682105467	-3.9341817	0.1416666666666667
0.4573644257375039	-3.2582228	0.3442622950819672
1.000000000000005	-3.74752	1.0
0.1848121398707555	-4.458154	0.11320754716981132
0.22537185715421035	-8.027661	0.0392156862745098
0.23026391196091536	-4.1333694	0.22222222222222224
0.385154606533899	-4.3250527	0.2043010752688172
0.3895095151271771	-4.3351984	0.1896551724137931
0.9999999999999989	-4.9237385	1.0
0.22935488483979388	-3.762484	0.09876543209876545
0.20898613780669817	-8.236021	0.015384615384615385
0.17059105106935812	-5.1471715	0.08163265306122448
0.34180977204951185	-4.3274617	0.25287356321839083
0.4680371043890493	-3.0322173	0.33888888888888885
0.9999999999999992	-3.4929023	1.0
0.20199773744830704	-3.1191761	0.06329113924050632
0.24923714026821417	-8.565271	0.02380952380952381
0.209179441619195	-3.5706716	0.06557377049180328
0.41316605550090824	-3.9193165	0.26344086021505375
0.3887927530132991	-3.2929032	0.30219780219780223
0.9999999999999957	-3.568906	1.0
0.266620464855999	-3.5568945	0.0846153846153846
0.224261164856842	-8.529627	0.014705882352941176
0.4598783997141588	-4.592382	0.3829787234042553
0.5184512622110657	-3.7156827	0.3490566037735849
0.32210408895311693	-3.535246	0.22549019607843138
0.9999999999999988	-4.3836923	1.0
0.27992987110992573	-3.5062551	0.1
0.24830167959276925	-7.988115	0
0.44779508403312523	-3.0702238	0.2654320987654321
0.4018560043725392	-3.8186426	0.23076923076923075
0.40020367273494867	-3.2257283	0.25217391304347825
1.0000000000000067	-3.5730298	1.0
0.25499472191809075	-4.8475304	0.062043795620437964
0.17182422669030284	-7.8160477	0.056249999999999994
0.5802073855111358	-4.167251	0.3898305084745763
0.3559925381505314	-4.4536133	0.17123287671232876
0.33371227927570235	-3.6879163	0.20714285714285716
1.0000000000000078	-4.055928	1.0
0.24237527559238914	-3.9274385	0.09154929577464789
0.19303524365809416	-7.569356	0.03508771929824561
0.4570066624368434	-2.7375689	0.425
0.3833626958801884	-3.0561252	0.23529411764705882
0.34290683831153707	-3.3453798	0.40259740259740256
1.0000000000000067	-3.0846422	1.0
0.2631503323083231	-3.5039256	0.08252427184466019
0.2311368241553652	-8.446302	0.01639344262295082
0.2941736615362097	-2.8234415	0.17910447761194032
0.3685263278222345	-3.3813534	0.29885057471264365
0.4528004970271463	-2.5213158	0.3076923076923077
1.0000000000000007	-3.1886663	1.0
0.23497414859776455	-4.1852446	0.05921052631578947
0.2215322972922826	-8.010904	0.023076923076923078
0.4064835286147067	-3.0749404	0.20454545454545456
0.5363342375481805	-4.0412045	0.18644067796610167
0.464147518306768	-2.6367428	0.3923076923076923
1.0000000000000098	-3.3628244	1.0
0.264566624652644	-3.8861237	0.0821917808219178
0.30749575713220473	-7.8521705	0.061224489795918366
0.45546122212079065	-3.327263	0.37681159420289856
0.4025527884602887	-4.4687243	0.1904761904761905
0.4388981181365899	-3.8370416	0.24691358024691357
1.000000000000029	-4.882653	1.0
0.24142822397444355	-2.9377377	0.05454545454545454
0.2423434117934419	-7.4066567	0.04032258064516129
0.6748611269107166	-4.08496	0.276595744680851
0.5412174892399353	-4.537052	0.27272727272727276
0.635118996792669	-3.4096284	0.3425925925925926
1.000000000000004	-3.476736	1.0
0.23039206247356023	-4.681424	0.05970149253731343
0.23299244849122736	-7.8531632	0.0425531914893617
0.6266387913440304	-3.4505885	0.48484848484848486
0.6330506941350813	-2.8372364	0.41428571428571426
0.6250647445563762	-4.146247	0.5147058823529412
1.0	-2.8872335	1.0
0.12844208745843638	-3.6778705	0.04430379746835443
0.19156678066407398	-7.4588594	0.05405405405405406
0.4370547188907366	-4.567407	0.325
0.39208175502512543	-5.150575	0.28125
0.2364245927121995	-4.1958222	0.1785714285714286
1.0000000000000013	-4.397768	1.0
0.25531423908655126	-4.216986	0.05714285714285714
0.25476263724122133	-7.8391614	0.0392156862745098
0.41208605349922484	-3.5352154	0.303921568627451
0.35795646080381127	-4.713434	0.18493150684931509
0.37257277512032405	-2.9307468	0.3380281690140845
1.0000000000000038	-3.5496893	1.0
0.26761252389552087	-4.033474	0.07281553398058253
0.2631416598639583	-7.147887	0.07017543859649122
0.20390675633820343	-3.2091255	0.140625
0.34611350700415705	-4.32839	0.21176470588235294
0.48797670237584817	-4.1378703	0.35365853658536595
0.9999999999999994	-3.6076298	1.0
0.1830192611589782	-4.4613457	0.06097560975609756
0.17781122207297542	-7.702551	0.02380952380952381
0.40936701550986326	-2.959827	0.3555555555555555
0.3905878223155797	-3.5685909	0.20535714285714288
0.4079120196584613	-2.9464648	0.29017857142857145
1.000000000000007	-3.436277	1.0
0.2827902454555967	-4.2549663	0.06967213114754099
0.1704352556673559	-6.669577	0.06962025316455697
0.40082459862896874	-4.280472	0.234375
0.3410573483027738	-3.58537	0.11764705882352941
0.43500792052029863	-4.533821	0.33783783783783783
1.0000000000000027	-4.03045	1.0
0.20370940756043654	-3.8157384	0.11
0.21929380399741816	-7.379065	0.06756756756756757
0.4275625575409293	-2.2729387	0.2463768115942029
0.35202056782544816	-3.4654481	0.28472222222222215
0.4527743460504913	-3.055284	0.3656716417910448
0.9999999999999983	-4.1871095	1.0
0.2520965341488559	-3.4241724	0.07936507936507937
0.26003821695556584	-9.385333	0.037037037037037035
0.43043403052436696	-2.8014824	0.3795180722891566
0.41904094476912856	-2.849695	0.23660714285714288
0.47720476464375217	-2.2434397	0.39639639639639634
0.9999999999999963	-2.8029683	1.0
0.2250468678928548	-3.8059828	0.05238095238095238
0.2113079565207099	-9.834873	0.013157894736842106
0.3740575857389324	-4.85839	0.26363636363636367
0.3365363295318187	-3.4769351	0.22435897435897434
0.39239551055845084	-3.2666743	0.3529411764705882
1.000000000000021	-3.7799299	1.0
0.2119272157817445	-6.047719	0.058823529411764705
0.20269321603612736	-7.737062	0.043859649122807015
0.4194139916969883	-4.428497	0.13414634146341461
0.29156047632420967	-2.9968476	0.3389830508474576
0.3335232288068935	-3.8097286	0.25806451612903225
1.000000000000006	-3.4967213	1.0
0.18897077024418038	-4.4103394	0.06395348837209303
0.22557835648297636	-8.180622	0.03
0.46318116500323636	-3.9557807	0.2909090909090909
0.2962989847173555	-4.218607	0.21014492753623185
0.3768186337433164	-3.9536216	0.23437499999999997
1.0000000000000002	-3.8349113	1.0
0.22562205526279516	-4.0311704	0.05769230769230769
0.24952721052123075	-8.148277	0.06481481481481481
0.42439545437627	-3.2766252	0.26229508196721313
0.35404059516518915	-4.078978	0.21874999999999997
0.4783020746794306	-2.8971422	0.2884615384615385
1.000000000000003	-3.6123414	1.0
0.2590283664340154	-4.414354	0.0773809523809524
0.17428760806996324	-7.2153473	0.0423728813559322
0.4885961981317529	-3.5468762	0.3359375
0.36505400791016984	-4.1369185	0.2746478873239437
0.5043422397976988	-3.425083	0.3538461538461538
1.0000000000000113	-4.1882877	1.0
0.20330526082108358	-4.4043617	0.06521739130434782
0.21353387947097185	-8.210914	0.03773584905660377
0.28683530532926105	-2.9608178	0.21604938271604937
0.46584414613994296	-3.3570557	0.30833333333333335
0.4491998137368363	-3.7636309	0.2570093457943925
0.9999999999999982	-3.1599658	1.0
0.27351287989937817	-4.306392	0.041666666666666664
0.18767700926525538	-8.2504015	0.018987341772151903
0.5612086517014367	-3.1657426	0.38805970149253727
0.34994423093072213	-4.0271373	0.13768115942028983
0.3205087745344382	-3.7870963	0.171875
1.0000000000000062	-3.4255354	1.0
0.2607199538035442	-4.0001497	0.07766990291262137
0.27555985330816124	-8.713412	0.018518518518518517
0.22650240590893594	-3.9622996	0.14383561643835618
0.3208381049471191	-4.089678	0.22477064220183487
0.42978257399483	-3.0718472	0.22330097087378645
1.0000000000000122	-3.356234	1.0
0.2682817731775985	-4.9286804	0.0693069306930693
0.1558938358272009	-7.9602766	0.05333333333333334
0.28933517334714576	-3.388466	0.1557377049180328
0.38712960325417556	-3.6134892	0.25531914893617025
0.4633582762809968	-3.3012505	0.3978494623655914
0.999999999999989	-3.773186	1.0
0.26572979512067524	-4.5157967	0.057522123893805316
0.2884548226943981	-8.041472	0.04411764705882353
0.3060121693862153	-3.5915391	0.1794871794871795
0.44158313685610473	-3.605366	0.21296296296296294
0.40054374222252437	-3.352533	0.30000000000000004
0.9999999999999901	-3.543872	1.0
0.2445243097247237	-3.1940942	0.06842105263157895
0.16991729877729062	-6.9502287	0.032467532467532464
0.5344234536820944	-3.651824	0.3474576271186441
0.41552435531389464	-3.9289043	0.1935483870967742
0.255118506152854	-3.3764005	0.1484375
1.000000000000003	-4.1935296	1.0
0.2637152010340522	-3.8969545	0.07575757575757576
0.2971468173951618	-9.19522	0.01
0.3212185565331063	-4.3602924	0.20535714285714288
0.4196014082152619	-4.304215	0.25
0.537871816211761	-2.9124722	0.5
1.0000000000000118	-3.093999	1.0
0.24319125502104064	-4.183763	0.06626506024096386
0.19916348996607575	-8.73902	0.018518518518518517
0.3762104063301335	-3.384566	0.24074074074074076
0.3560319756063195	-4.192428	0.23239436619718307
0.4158433598966137	-3.3550136	0.2792207792207792
1.0000000000000004	-4.5119696	1.0
0.2503218703052067	-4.413967	0.05681818181818182
0.23549314616695768	-8.566217	0.043859649122807015
0.5236360335431343	-3.640796	0.43902439024390244
0.30249602693426475	-4.207155	0.24468085106382978
0.3800564714627921	-3.1162248	0.3780487804878049
0.9999999999999913	-3.4040482	1.0
0.2029119890107705	-3.7413669	0.09649122807017545
0.21027452152549458	-8.099401	0.023255813953488372
0.6202633029100658	-3.272465	0.5294117647058822
0.4221682438360541	-4.1474805	0.24074074074074073
0.5136877717775304	-3.474025	0.38181818181818183
1.0000000000000095	-3.5237164	1.0
0.21576195976054863	-3.4931102	0.06435643564356436
0.22689593027842736	-8.687198	0.03333333333333334
0.8472805563417993	-3.238309	0.5853658536585366
0.41955279332003853	-4.1354675	0.23170731707317074
0.3125586823983487	-3.3389819	0.15853658536585366
1.0000000000000093	-4.003626	1.0
0.15970419977105138	-3.9413812	0.06666666666666667
0.2351502558259221	-8.067785	0.025641025641025644
0.5041776167194743	-4.7960277	0.22413793103448276
0.3055748258760697	-3.9079137	0.2463768115942029
0.34719575899226596	-3.9308796	0.23484848484848483
0.9999999999999996	-5.1279807	1.0
0.23521682466857893	-3.8020368	0.06626506024096386
0.19669704569608043	-8.393135	0.018518518518518517
0.3151918023139395	-4.2951207	0.17721518987341772
0.38054098016834964	-4.987958	0.19396551724137934
0.4145645383441764	-3.959995	0.20642201834862386
0.9999999999999983	-4.225752	1.0
0.2791055932091507	-4.678925	0.0707070707070707
0.19495619500369976	-6.8497477	0.04430379746835443
0.2908041845883565	-3.721976	0.13392857142857142
0.42179054864217796	-3.6790314	0.31097560975609756
0.40482745372312806	-3.846358	0.308641975308642
1.0000000000000038	-3.3310463	1.0
0.2750930682097436	-5.065479	0.07425742574257425
0.2555015687780315	-7.6247334	0.06451612903225806
0.4302553656182949	-3.0561028	0.1595744680851064
0.4251200612044669	-3.3431375	0.21739130434782608
0.45205981233208425	-3.3145516	0.276595744680851
1.0000000000000022	-4.776513	1.0
0.26914143221500647	-4.6096888	0.07142857142857142
0.2178697802444385	-7.760494	0.03409090909090909
0.6677203787961745	-2.9931462	0.4384615384615385
0.4436170917620812	-4.250935	0.36029411764705876
0.4219050468472187	-4.2991257	0.3106060606060606
1.0000000000000115	-4.42201	1.0
0.23874840899675326	-3.8634458	0.05113636363636364
0.3041453169922724	-8.891383	0.018518518518518517
0.5429985221437003	-3.7114697	0.32432432432432434
0.45846300302852216	-3.4729369	0.39772727272727276
0.44208167752146005	-3.1675222	0.22093023255813954
0.9999999999999934	-3.4763434	1.0
0.15889464072754103	-4.7289367	0.07971014492753623
0.20830616581068248	-6.661653	0.04878048780487805
0.3641909744797496	-3.6501436	0.2719298245614035
0.328159346634369	-3.4007335	0.17647058823529413
0.32423119994837724	-3.1990688	0.2647058823529412
0.9999999999999964	-3.5547352	1.0
0.24188907973891316	-3.2277415	0.05833333333333334
0.2551848461823704	-7.5771956	0.02830188679245283
0.37943238277510877	-4.144219	0.16428571428571428
0.3916945850407181	-4.296039	0.205
0.40319867532814996	-3.6785908	0.2736842105263158
1.0000000000000042	-4.182447	1.0
0.24328809535589901	-3.626623	0.06741573033707866
0.18184948281079394	-8.613234	0.007142857142857143
0.5659333077915024	-3.8485835	0.3135593220338983
0.5323838372001529	-3.6079965	0.4603174603174603
0.46989274495076133	-3.6648858	0.3416666666666667
0.9999999999999918	-3.7111669	1.0
0.26431234925182323	-3.5089722	0.09523809523809523
0.2871171380849257	-7.3443885	0.07142857142857144
0.42455808621196817	-2.5083168	0.2857142857142857
0.5067721680740129	-3.6203425	0.20149253731343283
0.4057491489954793	-2.8780897	0.23484848484848483
1.0000000000000018	-3.6102464	1.0
0.33313798438086956	-3.9167774	0.07999999999999999
0.18297409687665084	-7.2930536	0.03773584905660377
0.507868437613093	-2.9752905	0.3416666666666667
0.3308641753422167	-4.283268	0.22656249999999997
0.560292928464017	-3.4083452	0.375
0.9999999999999991	-4.0555763	1.0
0.22833066267563348	-3.5016584	0.08415841584158414
0.20300035284596488	-7.5623884	0.05660377358490566
0.3901501244714399	-5.3684764	0.2235294117647059
0.4119512455386207	-4.3328905	0.18181818181818182
0.41343298614540364	-3.872363	0.2238095238095238
1.000000000000005	-4.105191	1.0
0.17542703361942416	-3.7788227	0.0548780487804878
0.1873532185750914	-7.541362	0.04054054054054054
0.4269204535279721	-4.780881	0.27586206896551724
0.3328215470270658	-4.6935687	0.1574074074074074
0.27021905257765094	-4.2194204	0.19642857142857145
0.9999999999999952	-5.381712	1.0
0.1419455602133806	-3.996279	0.05294117647058824
0.20723372187216746	-8.131696	0.026315789473684213
0.5670634829676466	-4.47233	0.3538461538461538
0.4252106242985792	-3.171538	0.22142857142857142
0.3612859265063054	-2.4553015	0.2
1.0000000000000064	-3.8419583	1.0
0.2799212549431028	-3.3945708	0.07142857142857144
0.27211813148423825	-6.444047	0.0660377358490566
0.4904696525623276	-4.09213	0.3559322033898305
0.3457209079375023	-3.7670105	0.16176470588235295
0.32903390100966995	-4.984528	0.24615384615384617
1.0000000000000042	-4.3246155	1.0
0.1785932073458423	-3.9319746	0.06593406593406594
0.16713175947539516	-7.5082407	0.06481481481481481
0.302779733834019	-5.3866534	0.1640625
0.238330266762247	-3.6960828	0.16500000000000004
0.2864050357289153	-3.289584	0.26237623762376244
0.9999999999999911	-4.205799	1.0
0.25061854539045886	-4.226928	0.07142857142857144
0.191572497627145	-8.765263	0.04285714285714286
0.26949038119657287	-3.5674832	0.21341463414634143
0.4239415214094529	-3.325356	0.32857142857142857
0.4501631321586881	-2.9068556	0.3333333333333333
0.9999999999999974	-3.1321905	1.0
0.2601930004674887	-3.3494253	0.08256880733944956
0.21986957619406855	-7.622102	0.04666666666666667
0.27238336435035254	-4.3455553	0.18627450980392157
0.37416362389172914	-3.5268571	0.24074074074074073
0.35591448100636347	-4.7765985	0.23076923076923075
1.0000000000000049	-3.9773853	1.0
0.2256666584901189	-3.6135685	0.0641025641025641
0.253353854183452	-7.381685	0.043478260869565216
0.5892906163399305	-3.2440796	0.42500000000000004
0.43224839201135773	-3.8391547	0.23305084745762714
0.49266762395783426	-2.9736905	0.3009259259259259
0.9999999999999969	-2.9256835	1.0
0.25674883622269135	-3.6400578	0.05752212389380531
0.1908388768543835	-8.686861	0.03125
0.39778125576390366	-3.3973198	0.3404255319148936
0.33036089575042965	-2.2883646	0.26136363636363635
0.45681343373339206	-2.649387	0.2826086956521739
1.000000000000006	-3.1995244	1.0
0.23055509680620773	-2.8388429	0.07758620689655173
0.27648850119912155	-8.130135	0.047619047619047616
0.4493027167690892	-2.9931612	0.4657534246575343
0.3568450062829335	-3.56852	0.22023809523809526
0.4651005952260441	-3.2531269	0.2916666666666667
1.0000000000000022	-3.519251	1.0
0.24529506465777076	-4.1936703	0.06451612903225808
0.18777952260374436	-7.7329698	0.031746031746031744
0.29977048296427905	-5.9492607	0.1349206349206349
0.3290311935734389	-4.3512425	0.2443181818181818
0.3838991552963625	-4.82424	0.2303370786516854
1.0000000000000013	-5.0677137	1.0
0.2996312382916908	-3.1351266	0.07142857142857142
0.26558944772047144	-8.076964	0.03076923076923077
0.2900578472891706	-4.13282	0.3333333333333333
0.4303945834875479	-3.645099	0.4568965517241379
0.3769154383989487	-2.704334	0.20175438596491227
1.0000000000000062	-3.4085774	1.0
0.21099157447746547	-4.8050156	0.04761904761904762
0.252357637690641	-7.0778913	0.030612244897959183
0.10845444126238993	-3.894074	0.06382978723404255
0.3552089938161936	-4.594419	0.16666666666666666
0.4605513211519899	-4.2747536	0.1875
1.0000000000000069	-6.3433967	1.0
0.2646971190750706	-3.254264	0.06315789473684211
0.17640372672939034	-6.937384	0.026315789473684213
0.4839705685951596	-4.074421	0.39285714285714285
0.25111940765667373	-3.27995	0.14130434782608697
0.3964743829814731	-3.0605614	0.2608695652173913
0.9999999999999957	-4.1252136	1.0
0.3009572070601883	-2.978505	0.07051282051282051
0.2539648233224671	-8.151249	0.03488372093023255
0.6384567813045725	-2.4707618	0.4807692307692308
0.4261820774765309	-4.2412906	0.27631578947368424
0.5431243285227185	-3.6985264	0.41428571428571426
1.0000000000000022	-3.9135203	1.0
0.21678883215109113	-3.8865852	0.04838709677419355
0.26668417149556944	-7.4893103	0.05405405405405406
0.31871342190765267	-2.864746	0.19696969696969696
0.38664820885537665	-5.08495	0.21839080459770116
0.43775492759065704	-3.593962	0.2531645569620253
1.000000000000014	-4.3929205	1.0
0.27965781562659564	-3.847564	0.07317073170731707
0.2395054499471114	-7.6776247	0.04761904761904762
0.5831301432143045	-2.124682	0.5089285714285715
0.35011626149957814	-2.7681403	0.25
0.5731629712773219	-3.0720139	0.5
0.9999999999999932	-2.9707484	1.0
0.15192098865285006	-3.8083074	0.0679611650485437
0.2162727692054602	-8.005952	0.05319148936170213
0.3815881201378289	-4.327401	0.20283018867924527
0.39409136288255386	-4.4873667	0.19424460431654678
0.4381820388510212	-4.104058	0.236
0.999999999999989	-4.7660723	1.0
0.21246780670206472	-4.505812	0.047619047619047616
0.20783126139462715	-8.766943	0.016666666666666666
0.2954154180200526	-4.0842266	0.15789473684210528
0.3981017765114078	-3.4524791	0.17475728155339806
0.5312495276518753	-3.4217517	0.34615384615384615
1.0000000000000169	-3.284603	1.0
0.2610115504619874	-4.0000668	0.07075471698113207
0.18509865450870244	-6.9946384	0.0410958904109589
0.5219748864901165	-3.6428626	0.3557692307692308
0.4154463389585715	-3.1588619	0.19811320754716982
0.4586331871155872	-3.9686403	0.21
1.0000000000000173	-4.290508	1.0
0.268620462799607	-4.0156355	0.05555555555555555
0.24739057560179306	-8.479576	0
0.38016599389667155	-3.750283	0.31896551724137934
0.35422733370831266	-4.3355103	0.2608695652173913
0.4091214933219018	-2.961015	0.24489795918367344
0.9999999999999979	-4.429521	1.0
0.2717842391572281	-4.2761855	0.10416666666666667
0.24023848181103927	-8.795747	0.03409090909090909
0.4522274127405635	-4.068655	0.3108108108108108
0.28944714496289725	-3.6978557	0.13636363636363638
0.40195014280390834	-3.165716	0.25806451612903225
0.9999999999999901	-4.4403515	1.0
0.20357477819777825	-4.3837247	0.05172413793103448
0.2059407513689787	-7.906634	0.02777777777777778
0.4260759932377844	-3.2838035	0.39622641509433965
0.4941992033737859	-2.9673731	0.38524590163934425
0.4004932742627019	-3.226768	0.2037037037037037
0.9999999999999967	-3.4369006	1.0
0.2115760616521235	-5.2119036	0.06880733944954129
0.22008257353673183	-9.01115	0.02
0.28090457623328097	-2.8457873	0.1693548387096774
0.3425981160516491	-3.629706	0.18750000000000003
0.4122096778344925	-2.6161773	0.2528735632183908
0.9999999999999992	-3.201392	1.0
0.19971302417419654	-4.4652524	0.07894736842105264
0.24072203506309503	-7.564144	0.03076923076923077
0.6622438149127491	-3.2476058	0.3780487804878049
0.3660506998847866	-3.3960986	0.13095238095238096
0.43612233533977723	-3.544389	0.17857142857142855
1.0000000000000064	-3.9473183	1.0
0.23987618544904732	-4.170794	0.04022988505747127
0.24547455898115494	-6.79886	0.06097560975609756
0.4572285588952095	-3.8805792	0.3125
0.32546106577590395	-3.247304	0.21111111111111114
0.4062866831860827	-4.015286	0.32
0.999999999999998	-4.3018475	1.0
0.17631704325844233	-3.4762595	0.07142857142857144
0.16892494307238498	-7.715869	0.046511627906976744
0.30155929314468394	-5.1983304	0.1854838709677419
0.278629961783233	-4.464369	0.15432098765432098
0.3219217198694011	-4.3775535	0.21084337349397586
1.0000000000000104	-4.6272087	1.0
0.27178524722594455	-3.997012	0.07352941176470588
0.23175009365004193	-8.2745285	0.03278688524590164
0.6553199384480621	-4.264745	0.3977272727272727
0.4168822092888728	-3.6117885	0.2735849056603774
0.3627314648187527	-3.1221209	0.15
0.9999999999999979	-3.800587	1.0
0.24013648116151715	-3.3051376	0.07812500000000001
0.2252723695363326	-7.7932954	0.03260869565217392
0.43835823056969814	-3.6503263	0.17901234567901234
0.4906112584032768	-4.634261	0.15816326530612246
0.39058907816210486	-3.898772	0.17346938775510204
1.0000000000000078	-5.335152	1.0
0.25874600132282377	-3.6850314	0.04424778761061947
0.14432193801798623	-7.560939	0.036231884057971016
0.448300461346171	-4.512907	0.3552631578947369
0.30106127923046094	-5.192246	0.3658536585365854
0.2648031024607431	-6.519212	0.19736842105263158
0.9999999999999978	-5.125096	1.0
0.1477347751513253	-4.701318	0.06481481481481483
0.15444046377019846	-7.712842	0.025
0.3147714629328751	-3.4886487	0.1904761904761905
0.43700786188061264	-3.5641716	0.31666666666666665
0.4575157086198381	-3.8007748	0.2619047619047619
0.9999999999999978	-4.272293	1.0
0.2793815856662159	-3.3063428	0.0684931506849315
0.24343516024834377	-8.532763	0.015873015873015872
0.41161608941993894	-3.493513	0.2818181818181818
0.4228249518129585	-3.5244017	0.2
0.4379145172137679	-2.8862987	0.23529411764705882
1.000000000000001	-3.2443533	1.0
0.26100993406138745	-3.9160094	0.07065217391304347
0.24162175270297925	-7.8595963	0.037037037037037035
0.4164922956131676	-4.5359974	0.24583333333333338
0.3718282110704224	-4.1930747	0.2532894736842105
0.42419057096530777	-4.9137764	0.27272727272727276
0.9999999999999856	-4.372201	1.0
0.28981802657309	-3.6804926	0.07692307692307693
0.18613305958958226	-8.543949	0.0404040404040404
0.19799042765913713	-4.406335	0.09433962264150944
0.3775490641478612	-3.9282644	0.19512195121951217
0.4506183824129506	-3.6166658	0.16463414634146345
1.0000000000000016	-4.064436	1.0
0.28830257711407303	-3.8423421	0.07653061224489795
0.2155102838596533	-7.2489977	0.05555555555555555
0.341574022598193	-3.078857	0.28750000000000003
0.3076239509215442	-3.1196558	0.2193877551020408
0.4600797379748254	-3.0197375	0.26842105263157895
0.9999999999999974	-3.3310995	1.0
0.22731271573192752	-3.7353723	0.07303370786516854
0.19519502764992622	-6.9587617	0.043478260869565216
0.4542786598797394	-3.8545218	0.2857142857142857
0.39246614620181447	-3.3198018	0.17647058823529413
0.3608115045715878	-4.314303	0.3043478260869565
1.0000000000000047	-5.0504155	1.0
0.1931297879161635	-4.306374	0.0661764705882353
0.1999510357623303	-8.705374	0.010869565217391304
0.3823549582136295	-3.6468847	0.304
0.45129406973407377	-3.5138826	0.2649006622516556
0.4157372228783407	-4.817919	0.20748299319727895
1.0000000000000064	-3.5701623	1.0
0.20926218694640952	-3.617527	0.06018518518518518
0.1578691516896137	-8.668993	0.020833333333333332
0.3493557642164136	-4.715043	0.29508196721311475
0.34849349638814514	-4.0362706	0.20114942528735633
0.3505923819162407	-3.5192285	0.20238095238095238
1.0000000000000044	-4.114063	1.0
0.25648546195380206	-4.1805177	0.07647058823529411
0.22739971387825655	-8.349022	0.023076923076923078
0.4945216726515399	-4.8324757	0.32394366197183094
0.4910954629697913	-4.66277	0.20967741935483872
0.5534862573472165	-3.8454847	0.2925531914893617
0.9999999999999871	-4.345113	1.0
0.16571068260789204	-3.0521069	0.04411764705882353
0.18197943971381203	-7.2427435	0
0.48553601399099205	-4.211285	0.22727272727272727
0.4263520329575666	-3.2900836	0.27083333333333337
0.4206784089902623	-4.7961965	0.17857142857142858
0.9999999999999974	-3.9850855	1.0
0.22189821075730587	-5.539597	0.07792207792207792
0.23926733805849307	-8.891019	0.023255813953488372
0.32339849307024165	-4.1739197	0.20175438596491227
0.4738575888447815	-4.2480655	0.2857142857142857
0.38017857202807986	-3.1316726	0.29285714285714287
1.000000000000011	-4.2083354	1.0
0.22103874021955408	-4.0899734	0.0945945945945946
0.24327076700794298	-7.9178452	0.07272727272727272
0.3976644023935678	-4.517912	0.27611940298507465
0.39302757375721875	-3.8582103	0.3048780487804878
0.40199696808208385	-3.3447053	0.31410256410256415
0.9999999999999993	-3.619943	1.0
0.27036088235288414	-3.1541677	0.10176991150442478
0.158741034782015	-8.2126665	0.03225806451612903
0.41965560923190526	-2.8511353	0.28
0.32892414039818274	-3.2552958	0.2785714285714285
0.5487882962676233	-2.5081096	0.42666666666666675
0.9999999999999929	-3.163016	1.0
0.25816743402022163	-3.192293	0.07692307692307691
0.2564661033805781	-8.046904	0.044642857142857144
0.46653624775605257	-3.3743238	0.4776119402985075
0.468689035384091	-3.489784	0.24675324675324678
0.40114980417349316	-4.1645055	0.23529411764705882
1.0000000000000107	-3.6677933	1.0
0.2630125640762577	-4.7346725	0.07236842105263157
0.19317090996898922	-6.5625315	0.034482758620689655
0.4572061861305327	-4.141043	0.1881720430107527
0.33180221115082786	-3.6987743	0.17553191489361702
0.33160421588155	-3.0598137	0.22159090909090906
1.000000000000001	-3.7761521	1.0
0.29727440731438387	-4.17383	0.08898305084745764
0.19615656326522318	-7.112104	0.029411764705882353
0.3512560989015389	-3.6577458	0.1590909090909091
0.4659472457407385	-4.3044224	0.23958333333333334
0.3886789108672258	-5.177194	0.15104166666666666
0.9999999999999978	-4.6780972	1.0
0.264142284885124	-3.5956388	0.07222222222222223
0.1710092028168502	-7.727771	0.02142857142857143
0.4909560446507428	-3.5111241	0.3717948717948718
0.3965728520822013	-4.5754027	0.16666666666666666
0.3286233780335978	-2.9741838	0.2765957446808511
1.0000000000000027	-3.3691566	1.0
0.24503235429077624	-4.2382517	0.09649122807017543
0.24607711725943632	-7.1516047	0.03571428571428572
0.25083385603621833	-2.546929	0.16666666666666666
0.4044500109354785	-3.5191622	0.2027027027027027
0.5462899713643735	-3.0899377	0.38732394366197187
1.000000000000011	-3.4964173	1.0
0.2353202590821209	-3.5687413	0.08695652173913043
0.18972226804843514	-7.6976647	0.03571428571428572
0.3077308655177346	-3.2557023	0.2916666666666667
0.40524445522985303	-3.9641106	0.20476190476190476
0.3842655610699042	-3.8060799	0.3
0.9999999999999998	-4.7921796	1.0
0.221518982635818	-6.0651016	0.06310679611650485
0.17880173392917523	-8.146935	0.02112676056338028
0.15390869195003945	-3.7374136	0.09322033898305083
0.3926399839964609	-4.106882	0.3076923076923077
0.4270977601074374	-2.8323061	0.33505154639175255
0.9999999999999984	-3.0823088	1.0
0.21830139433865114	-4.6582284	0.049999999999999996
0.23776775433111932	-8.279074	0.02142857142857143
0.4078371124552401	-3.6622145	0.2966101694915254
0.3942501878505878	-3.7648678	0.2013888888888889
0.5755927259070709	-2.755471	0.22222222222222224
1.0000000000000007	-4.494399	1.0
0.13002407969862922	-3.9369402	0.04838709677419355
0.1872817557906495	-8.14853	0.03571428571428572
0.6491229922757642	-3.8238614	0.4754098360655738
0.40950953312809923	-3.4009953	0.22972972972972974
0.4334872468429771	-2.9960005	0.28571428571428575
0.9999999999999981	-3.452668	1.0
0.25637469402152946	-5.7605734	0.07142857142857144
0.2287969666753161	-9.083659	0.00892857142857143
0.38621643016742163	-2.326072	0.3644859813084112
0.4400378668623104	-3.2065246	0.2801418439716312
0.5508943927485712	-3.2536473	0.3586956521739131
1.0000000000000016	-3.4131508	1.0
0.278083370396053	-3.7305436	0.11788617886178862
0.19510467745717744	-8.02994	0.043010752688172046
0.39494555178472207	-3.3249426	0.24271844660194178
0.4145191316846884	-4.09324	0.17600000000000002
0.4993943893016513	-3.644349	0.4230769230769231
0.9999999999999973	-3.9633152	1.0
0.22497987349341145	-5.435018	0.05681818181818182
0.2016897012237449	-7.012006	0.04878048780487805
0.2725918458560262	-5.7474623	0.1875
0.39055570666357103	-4.7117534	0.14375
0.3741124348351316	-4.043206	0.20422535211267606
0.9999999999999988	-4.703015	1.0
0.23248103245076618	-4.0879292	0.07291666666666666
0.2788174490998974	-8.76084	0.041666666666666664
0.39999335339329134	-3.0783153	0.3555555555555555
0.5205934550994277	-3.3850667	0.2663934426229508
0.33300186738019355	-3.6049798	0.19565217391304346
0.9999999999999957	-3.7990456	1.0
0.19326681628855744	-3.5249972	0.06521739130434782
0.21871362977557654	-8.84686	0.05063291139240506
0.2717785298994487	-3.911448	0.21551724137931033
0.36991736079506543	-4.012616	0.2142857142857143
0.42604028708114167	-3.455597	0.29629629629629634
0.9999999999999923	-4.0869603	1.0
0.25137041371551827	-4.764594	0.08333333333333333
0.24220739129933344	-8.2403965	0.03225806451612903
0.2659680856584386	-4.04271	0.1329113924050633
0.2701933286198033	-4.6953163	0.13063063063063063
0.3161905698143648	-3.8695567	0.163265306122449
1.0000000000000002	-4.69937	1.0
0.25495663726226425	-3.2011714	0.04054054054054054
0.23787307649376424	-7.8070717	0.02666666666666667
0.3645282303348589	-2.5211675	0.3793103448275862
0.32003629942801354	-4.383651	0.1836734693877551
0.40140614726001966	-3.0778894	0.2647058823529412
0.9999999999999929	-3.8488138	1.0
0.16192744943254914	-3.9413311	0.0660377358490566
0.2076771777098341	-8.06468	0.05681818181818182
0.2967005033132881	-4.149687	0.2058823529411765
0.3318192673281604	-3.6804237	0.1978021978021978
0.5052785921177612	-4.0710187	0.3977272727272727
0.9999999999999925	-4.5796537	1.0
0.2604535347991062	-4.8067565	0.06329113924050633
0.21933522885895126	-8.060476	0.030303030303030307
0.34357384237342437	-4.51852	0.18
0.37706680964518263	-4.64501	0.19310344827586207
0.3405859657517617	-3.6646824	0.22340425531914893
0.9999999999999828	-4.177321	1.0
0.19321767346472205	-4.468277	0.05714285714285714
0.13020656769923805	-8.734851	0.02717391304347826
0.5321784413686818	-4.440667	0.3725490196078431
0.27125747646695586	-5.3156805	0.2109375
0.43501428483430854	-3.8099086	0.29365079365079366
1.0000000000000002	-4.4968443	1.0
0.21146602424200026	-3.9287548	0.09999999999999999
0.22717465159134437	-7.491807	0.04807692307692308
0.43638352992456536	-3.3428254	0.2040816326530612
0.4959406934031935	-3.5875142	0.23134328358208955
0.47540652218012325	-3.1347253	0.2647058823529412
0.9999999999999993	-4.219147	1.0
0.19921170428035453	-3.7977571	0.07333333333333333
0.17267955305822508	-7.870462	0.018518518518518517
0.26550335504158395	-3.2608235	0.14893617021276595
0.4713644074484214	-4.1950183	0.21186440677966104
0.41467014308278743	-3.6351902	0.2747747747747748
1.000000000000006	-4.692664	1.0
0.2925527762415147	-4.281183	0.07203389830508475
0.19515470099364265	-7.5146246	0.02531645569620253
0.4082006502646123	-4.7827725	0.23728813559322035
0.42270448355480145	-4.551626	0.19718309859154928
0.4393084056499821	-4.5421257	0.26388888888888884
0.9999999999999992	-5.0577726	1.0
0.22495167482710424	-3.466504	0.07746478873239436
0.2988419871044648	-8.453275	0.027777777777777776
0.26857964672301377	-2.9328396	0.14423076923076922
0.471701343403006	-3.2119439	0.2733333333333333
0.40183433724907514	-2.7978494	0.25
1.0000000000000056	-3.0047674	1.0
0.24787842279232816	-4.4381356	0.06132075471698113
0.2933470397479986	-8.564707	0.02586206896551724
0.5295665927926404	-2.7023683	0.35454545454545455
0.36919542976167324	-4.0941343	0.1896551724137931
0.5301903363226333	-2.6089299	0.3879310344827586
1.0000000000000073	-3.9726708	1.0
0.20666753915161307	-3.5587296	0.10576923076923077
0.22525439774115494	-7.6953855	0.051020408163265314
0.27867903451357084	-4.546701	0.3524590163934426
0.3422634500483542	-5.1350713	0.1746987951807229
0.3066952138871858	-4.8427773	0.21153846153846154
1.0000000000000018	-4.542534	1.0
0.24448526656661876	-3.797399	0.09859154929577464
0.22830257356815092	-8.002314	0.02542372881355932
0.47737974336739386	-5.3745904	0.4117647058823529
0.3166968234481641	-5.082763	0.14814814814814814
0.30428148339260014	-4.6345267	0.18867924528301885
0.9999999999999868	-4.836808	1.0
0.29360913585284015	-4.5419946	0.1
0.21299760276368093	-7.7492113	0.0425531914893617
0.20238201045964618	-5.357339	0.0958904109589041
0.38463811964655914	-4.6050477	0.20945945945945948
0.4352912567466898	-5.0706635	0.20945945945945948
1.0000000000000075	-5.243274	1.0
0.2869531336973209	-3.5802188	0.06637168141592921
0.2437405886733609	-8.482974	0.03389830508474576
0.31024021771033894	-2.7214863	0.20786516853932582
0.4961538430904275	-4.113561	0.25396825396825395
0.37964054108174966	-4.134536	0.25630252100840334
1.0000000000000115	-4.0060177	1.0
0.1760111674392122	-5.6071463	0.06315789473684211
0.18214771374018182	-7.2480903	0.04819277108433735
0.16186044128212787	-3.3181257	0.0588235294117647
0.4126743184350581	-4.016089	0.33009708737864074
0.5069497714621017	-3.4218752	0.3762376237623763
1.000000000000015	-3.4968615	1.0
0.23617474215489873	-5.059017	0.05921052631578947
0.2245704550712438	-7.5703607	0.027777777777777773
0.4098294366710633	-2.1820421	0.28571428571428575
0.35953581035755816	-3.8269956	0.1741573033707865
0.4573439230401807	-3.157234	0.2736842105263158
1.000000000000007	-3.8568718	1.0
0.24818543576885996	-3.1017559	0.06547619047619048
0.20055640222014526	-8.427038	0.03076923076923077
0.45260867537265664	-4.4433913	0.3020833333333333
0.5100593587690984	-4.010773	0.25490196078431376
0.4732389262820404	-3.838856	0.25
0.9999999999999984	-3.7389112	1.0
0.24464196030095814	-4.0937514	0.10526315789473685
0.23221610735624723	-7.5935946	0.021739130434782608
0.36107051404077845	-4.0231485	0.24299065420560748
0.3456257892461898	-4.154356	0.19503546099290783
0.3313544977457542	-3.6364279	0.22302158273381295
1.0000000000000078	-4.4826374	1.0
0.222921578372327	-4.979519	0.0625
0.17363902462267292	-7.76556	0.027777777777777776
0.44361488372406144	-3.1933365	0.2965116279069767
0.3828509732124733	-3.7751005	0.14953271028037385
0.445015436534983	-2.8629	0.26168224299065423
0.9999999999999927	-3.646345	1.0
0.15309618377652623	-4.0759926	0.05232558139534884
0.19073709517572626	-8.294664	0.013157894736842106
0.3758873754102975	-3.759353	0.17500000000000002
0.3741052154294832	-3.297395	0.20689655172413796
0.4033676384520673	-3.5888426	0.26470588235294124
0.9999999999999968	-3.839228	1.0
0.2724110312950745	-4.3286977	0.0625
0.24508929626165407	-8.544733	0.023437500000000003
0.4813146544487599	-4.335076	0.2988505747126437
0.4650237568956094	-3.579546	0.22033898305084748
0.31119922938747463	-3.4612386	0.2222222222222222
1.0000000000000107	-4.203638	1.0
0.3121497779423514	-3.1423829	0.09712230215827339
0.21534392648489661	-8.561371	0.024390243902439025
0.3187979319152577	-4.2865696	0.16292134831460675
0.3789299964022615	-4.4175763	0.20070422535211266
0.34580543830516686	-4.9564195	0.14661654135338345
0.9999999999999856	-4.044263	1.0
0.23329206067689195	-4.2066813	0.06569343065693431
0.12173800564309097	-6.845746	0.06179775280898876
0.34040319058328367	-3.1064024	0.26724137931034486
0.49524628617835376	-3.583707	0.34426229508196726
0.36594580119187126	-4.920949	0.16379310344827586
1.0000000000000004	-4.304602	1.0
0.27315993376699294	-3.1632025	0.09210526315789473
0.26656742409702855	-8.385388	0.028846153846153848
0.31884906102295985	-4.2600303	0.25396825396825395
0.4235580502591078	-4.432104	0.2195121951219512
0.42143754676855993	-4.705126	0.25308641975308643
1.0000000000000082	-4.064817	1.0
0.2470125015739841	-5.149762	0.04945054945054945
0.20713521272996396	-7.5623612	0.049180327868852465
0.44397988776651104	-5.173566	0.24342105263157893
0.34177804265021966	-4.9771113	0.19680851063829785
0.4064717445894344	-4.3508835	0.2692307692307693
1.0000000000000073	-4.3814564	1.0
0.24430995725707103	-3.5409117	0.06666666666666665
0.19462246276286727	-7.738153	0.036231884057971016
0.4704480382862112	-3.5857058	0.4239130434782608
0.3779248412678073	-4.1720333	0.16666666666666666
0.42223051520880683	-3.2866755	0.21874999999999997
0.9999999999999927	-4.7298994	1.0
0.23243272187679828	-3.5586026	0.06923076923076925
0.24975285090476745	-7.8862906	0.03409090909090909
0.4127855484151155	-5.265045	0.24468085106382975
0.4438066990955878	-4.1206384	0.18115942028985507
0.45729781960660953	-4.609447	0.21969696969696967
1.0000000000000027	-5.066212	1.0
0.2532050402161075	-3.7070553	0.06962025316455694
0.24786386939308797	-9.292203	0.009433962264150943
0.154946301967803	-2.4199576	0.046875
0.47134600995834836	-4.58625	0.2142857142857143
0.3866002191915153	-4.150079	0.23529411764705882
1.0000000000000178	-3.7986224	1.0
0.2702257476543336	-4.8765216	0.05859375000000001
0.17979528785377374	-7.064278	0.06164383561643835
0.3181507403091017	-4.1005816	0.15730337078651682
0.498046300893556	-3.2088213	0.32799999999999996
0.4031841374129636	-3.7593641	0.3048780487804878
1.0000000000000016	-4.1678605	1.0
0.2697808818514407	-4.835422	0.07142857142857142
0.23578017715282426	-7.4517593	0.03571428571428571
0.8792989150473046	-4.0511165	0.8229166666666666
0.4820884307579008	-3.613567	0.24489795918367346
0.4284599412112648	-4.3527007	0.29347826086956524
1.0000000000000155	-4.0411553	1.0
0.21897030794555458	-4.260189	0.053571428571428575
0.2078238520350947	-8.169857	0.011627906976744186
0.6316520811281829	-4.19505	0.2678571428571429
0.4802226879758416	-3.3496888	0.1875
0.501071557168443	-3.6350236	0.1909090909090909
1.00000000000001	-3.745121	1.0
0.279639312152429	-5.127	0.05232558139534884
0.2761165496562604	-6.7094283	0.03
0.3148153553794928	-4.669721	0.12328767123287672
0.4430355118854256	-4.0261235	0.24456521739130432
0.5145855255384758	-3.4055579	0.37222222222222223
0.9999999999999969	-3.2239618	1.0
0.25796120547236234	-3.9325716	0.06741573033707866
0.2200140987528941	-7.981874	0.030303030303030307
0.36726164608460343	-3.3059723	0.21264367816091953
0.3611717462778175	-3.3094563	0.23873873873873874
0.34668598918948573	-2.9285042	0.2403846153846154
1.00000000000001	-4.0327487	1.0
0.2535346638525872	-3.268302	0.07058823529411765
0.21134059661111274	-7.8974724	0.02666666666666667
0.3947254613751789	-3.608113	0.1982758620689655
0.4105308975176526	-4.783036	0.2151898734177215
0.36418613158030827	-4.652538	0.2151898734177215
1.0000000000000142	-5.51819	1.0
0.2808897394954032	-2.978778	0.07142857142857144
0.22070752546219266	-8.626775	0.03389830508474576
0.3804740178703631	-4.725222	0.17424242424242425
0.3632505053765465	-3.8003652	0.17894736842105263
0.45335352911272525	-3.7099814	0.3097826086956522
0.9999999999999972	-4.2637935	1.0
0.2579710763846731	-3.7992191	0.08796296296296298
0.23095181998428627	-8.847389	0.04477611940298507
0.34326169075354507	-3.3643997	0.1923076923076923
0.5025112146146434	-3.8105235	0.23076923076923078
0.28670256185852344	-3.4516685	0.2268041237113402
1.0000000000000078	-4.074955	1.0
0.33337493601803053	-2.8358934	0.08673469387755102
0.2206696218570201	-7.0120974	0.03424657534246575
0.45827439875258	-4.1433363	0.3983050847457627
0.36621923109474386	-3.7749193	0.20945945945945946
0.35477735350125117	-3.7850778	0.19718309859154928
1.0000000000000009	-4.095305	1.0
0.2522243528135534	-4.2646985	0.06578947368421051
0.25134918776393134	-7.778386	0.026785714285714284
0.2811419594308777	-3.8707526	0.12499999999999997
0.30336170819571917	-5.035127	0.1875
0.39040286654351275	-3.3627226	0.1569767441860465
1.0000000000000009	-4.205673	1.0
0.1824284863821977	-3.2679603	0.07894736842105263
0.18127542451683126	-8.802502	0.01666666666666667
0.4619399996232828	-3.7080972	0.26666666666666666
0.38812291318984465	-3.585418	0.2796610169491526
0.4448540179669559	-3.1403031	0.35344827586206895
0.9999999999999959	-3.2787247	1.0
0.20677707425796682	-5.0155225	0.09016393442622953
0.21995612140528692	-7.463097	0.051020408163265314
0.4245333649423211	-3.995509	0.37
0.4217216375872547	-3.4479518	0.3225806451612903
0.3144400682813264	-3.6540818	0.24545454545454545
1.0000000000000027	-3.6062682	1.0
0.22043210231739602	-2.8448322	0.05454545454545455
0.24752462128945876	-8.27904	0.03
0.25747138858077817	-2.9253266	0.17567567567567566
0.405594115804971	-3.065021	0.1904761904761905
0.48724830281738063	-3.0736547	0.4375
0.9999999999999991	-3.2025347	1.0
0.16225577323181567	-3.1290886	0.06122448979591836
0.18179550557689175	-9.374191	0.0125
0.25408473449509533	-3.5070484	0.12941176470588237
0.3563491038357394	-3.945772	0.17567567567567566
0.4158883421777089	-3.4188685	0.2904761904761905
1.0000000000000044	-4.480887	1.0
0.22568520419622276	-4.305444	0.08270676691729323
0.1960203463294	-8.000776	0.03289473684210526
0.22219233345112205	-3.3006897	0.1530612244897959
0.3746134947661345	-2.9513438	0.22569444444444445
0.5238729495680874	-3.078966	0.3705035971223022
1.0000000000000044	-3.635814	1.0
0.255174571385268	-3.744475	0.041666666666666664
0.18632073610886607	-8.724078	0.010638297872340425
0.5576109164602281	-4.8065276	0.5222222222222221
0.29723317246700554	-3.9984746	0.28260869565217395
0.3880449510468649	-3.6512616	0.29347826086956524
0.9999999999999927	-4.9822297	1.0
0.181088167416306	-3.2138014	0.0449438202247191
0.21385101557095695	-8.0826025	0.03488372093023255
0.3048948713861553	-4.0690675	0.21621621621621623
0.35537631870165526	-3.8989162	0.21226415094339623
0.38311386657746016	-3.049992	0.22222222222222224
1.0000000000000113	-3.4650416	1.0
0.2750706625972815	-3.8360577	0.061797752808988776
0.2374815584267888	-7.760021	0.02666666666666667
0.531969673235654	-5.534086	0.3103448275862069
0.3107938994514726	-3.4023006	0.1282051282051282
0.3330072802692177	-3.0290506	0.3125
0.9999999999999989	-3.4011776	1.0
0.182824618092159	-3.4291542	0.0641025641025641
0.2495521285199818	-8.012311	0.025641025641025644
0.29777279707532217	-3.5929759	0.23333333333333334
0.4790076640728247	-3.532701	0.32857142857142857
0.47585553855748924	-3.5225992	0.3619047619047619
0.9999999999999772	-3.332286	1.0
0.2911424563689837	-3.3899446	0.1
0.2625278048897463	-7.746624	0.0410958904109589
0.5004892419933896	-5.1794477	0.19444444444444445
0.4579127741942142	-3.7555037	0.20454545454545456
0.32858557070542704	-3.8629081	0.17857142857142858
1.0000000000000013	-4.346565	1.0
0.22000396127960026	-3.1777325	0.08088235294117647
0.24555327251546266	-7.889333	0.047619047619047616
0.40266749020045833	-3.351914	0.23469387755102042
0.5235354247513891	-3.9110172	0.2607142857142857
0.43862791381775157	-3.242516	0.2556390977443609
0.9999999999999962	-3.5497372	1.0
0.2652832955550262	-2.6066017	0.07017543859649122
0.17797999705770634	-7.8543577	0.02247191011235955
0.29070073266458646	-5.3849416	0.12686567164179102
0.48544694100234304	-3.4694781	0.2710843373493976
0.4170695447912304	-3.9910402	0.31333333333333335
1.0000000000000016	-4.2120914	1.0
0.20946549934947303	-4.161995	0.0821917808219178
0.2167649296609993	-8.7045145	0.015625
0.18146375429457698	-4.0878367	0.14285714285714288
0.5189134826832439	-3.6054258	0.29591836734693877
0.5179049979269339	-3.1646023	0.42473118279569894
1.000000000000009	-3.7102938	1.0
0.11521215904341787	-3.887789	0.056338028169014086
0.18965461498998729	-7.061975	0.021739130434782608
0.2077207803319152	-3.8667696	0.22058823529411764
0.5389580118977612	-4.549646	0.5125000000000001
0.2710743021276393	-4.394914	0.23255813953488372
1.0000000000000007	-4.663906	1.0
0.11262045889834603	-3.5796683	0.05128205128205128
0.1192164491857849	-9.309766	0
0.4177573203348954	-4.0533276	0.27343750000000006
0.3155693234948337	-3.6187892	0.16176470588235295
0.32212958270250297	-4.7796135	0.1774193548387097
0.9999999999999962	-4.8526134	1.0
0.24202545868545922	-3.036216	0.0763888888888889
0.2077734544808723	-8.563211	0.027777777777777776
0.6446700342387542	-4.543392	0.553030303030303
0.4964669364918326	-3.7391095	0.24590163934426232
0.39649708660628874	-3.6691651	0.28571428571428575
0.9999999999999925	-4.3519616	1.0
0.24732856411179965	-3.5797439	0.06349206349206349
0.24620129586939515	-6.9972444	0.03846153846153846
0.40146450575566256	-3.4781764	0.266304347826087
0.3844918801998179	-4.0514503	0.1822033898305085
0.41239460811286105	-3.8442461	0.1721311475409836
0.9999999999999976	-4.395542	1.0
0.24192912327852467	-5.038291	0.06481481481481483
0.18269401421446418	-8.470351	0.01875
0.41182732381119364	-2.6525285	0.19014084507042253
0.38104485948542693	-3.3120487	0.23157894736842102
0.36612970463248484	-3.3694274	0.17582417582417584
0.9999999999999906	-3.8021257	1.0
0.27129113439452024	-4.922077	0.0784313725490196
0.23056813510641347	-8.2914295	0.03676470588235294
0.375958454538434	-3.238843	0.24242424242424246
0.541706624685303	-2.6512525	0.46111111111111114
0.4715146980491009	-2.245945	0.4941176470588235
1.0000000000000049	-2.8506827	1.0
0.26978007650673663	-3.389154	0.07058823529411765
0.20451122092356191	-8.986135	0.030303030303030307
0.31945187982707407	-3.8104575	0.22941176470588234
0.34120180238518366	-4.96977	0.19130434782608696
0.4733258078767521	-4.7881255	0.2692307692307692
0.9999999999999946	-4.6289287	1.0
0.24691161079280927	-5.463004	0.07070707070707072
0.1654798992394279	-7.8161254	0.019230769230769232
0.4970602235266908	-4.900947	0.46296296296296297
0.27996468418618753	-3.843418	0.2767857142857143
0.4740095881512448	-4.066761	0.4322033898305085
1.000000000000004	-3.8550622	1.0
0.21208876548994793	-3.9367616	0.11333333333333333
0.2170069607988654	-7.009562	0.052083333333333336
0.6081128749096589	-4.3835716	0.32727272727272727
0.339425311117272	-4.0950336	0.23015873015873015
0.37996045280399493	-3.8709846	0.1796875
1.0000000000000002	-5.0650983	1.0
0.21414995634539574	-3.8325384	0.04938271604938273
0.19930760085508212	-7.55961	0.030612244897959183
0.34517486517373847	-4.0496235	0.15517241379310345
0.35844630639825564	-3.7498727	0.24796747967479674
0.4054500551558449	-3.7945187	0.24545454545454548
1.0000000000000033	-4.497904	1.0
0.25679089242505415	-3.336065	0.09313725490196079
0.19235461777614649	-8.028048	0.05
0.32938404719402564	-3.2894034	0.18125
0.3520181322038541	-3.842116	0.1936936936936937
0.37280567065173936	-3.5555406	0.24528301886792453
0.9999999999999901	-3.7874882	1.0
0.27159527445346	-2.8408344	0.09803921568627451
0.2271300215441098	-9.008564	0.026315789473684213
0.36226914726393744	-4.1043973	0.22388059701492538
0.32164232312941404	-4.3925304	0.1797752808988764
0.3565597568145694	-3.4997957	0.17816091954022986
1.0000000000000024	-5.177293	1.0
0.2563402931290832	-3.0648239	0.10135135135135136
0.20419344307154239	-7.74478	0.015384615384615385
0.25550284867267403	-6.1501584	0.11475409836065574
0.32961790725313156	-3.8935313	0.19999999999999998
0.4272271144246803	-3.6955588	0.25000000000000006
1.0000000000000018	-3.7578235	1.0
0.266385389137699	-3.875271	0.07142857142857142
0.23156117319130398	-7.308997	0.038461538461538464
0.4932959304897336	-3.6307685	0.35156250000000006
0.3962532523344048	-3.881973	0.24375
0.3171423084428375	-3.3535976	0.21527777777777776
1.0000000000000004	-3.8299184	1.0
0.2006929180612018	-3.8216212	0.05555555555555555
0.20739399342458423	-8.491806	0.01694915254237288
0.30362094759174674	-3.9373596	0.17441860465116282
0.4210845044123964	-3.684032	0.16818181818181818
0.4954812202374044	-3.8434873	0.22815533980582522
1.0000000000000056	-4.2126513	1.0
0.261917719191784	-3.632597	0.10227272727272725
0.22258269752841017	-8.896418	0.02
0.5410429073113044	-3.318469	0.4491525423728814
0.4176982284599037	-4.4594235	0.2987012987012987
0.33159478361763245	-4.1862597	0.189873417721519
1.00000000000001	-4.491032	1.0
0.24775108504108997	-4.2058926	0.04605263157894737
0.28592256337037897	-8.397278	0.02586206896551724
0.45051425389569427	-2.68091	0.3
0.2678416880504605	-3.7170157	0.21311475409836064
0.39745117187893275	-2.944015	0.30172413793103453
0.9999999999999973	-2.7088466	1.0
0.25306358877186086	-3.529384	0.14948453608247425
0.25016146865901795	-8.020293	0.07142857142857144
0.34386996781341955	-6.952944	0.2
0.368935705802052	-4.404804	0.22772277227722773
0.3946858897987543	-5.1367908	0.2376237623762376
0.9999999999999994	-4.792438	1.0
0.2600072805294797	-3.7667072	0.06329113924050633
0.2613507076426248	-8.399771	0.02898550724637681
0.346430506006622	-5.1831613	0.23958333333333331
0.47217084262618936	-4.0840487	0.17968750000000003
0.3736762248535117	-4.8217354	0.16935483870967744
1.000000000000001	-4.283353	1.0
0.24830277884604413	-4.43864	0.0569620253164557
0.22149799959806032	-8.501664	0.0196078431372549
0.31133560815935957	-3.7567503	0.2631578947368421
0.5318417384948287	-4.41379	0.2875
0.3205596507856668	-4.184882	0.21874999999999997
1.0000000000000047	-3.9060626	1.0
0.1934008739332701	-3.2311308	0.07317073170731708
0.23776639645223074	-8.378417	0.024590163934426233
0.4889019479245923	-3.5579867	0.3404255319148936
0.3400470728023521	-3.2488964	0.16981132075471697
0.322213933472929	-3.3628786	0.3148148148148148
1.0000000000000044	-3.7182133	1.0
0.27907474093201406	-4.010203	0.09374999999999999
0.290679364067934	-7.0502353	0.06382978723404256
0.3968028614434158	-3.0513225	0.2790697674418604
0.35870879421276136	-3.4097505	0.18749999999999997
0.3270427099604367	-3.2461386	0.18627450980392157
1.0000000000000024	-4.4413295	1.0
0.20776466819740874	-4.444786	0.06172839506172839
0.18176442690286856	-8.085226	0.023255813953488372
0.5990398540851641	-4.8927855	0.44230769230769235
0.36178315057454696	-3.5393035	0.1884057971014493
0.32579012343976677	-3.4943447	0.19852941176470587
1.0000000000000215	-3.986875	1.0
0.20662328803581878	-2.5891964	0.09154929577464789
0.2313898498912217	-7.9773493	0.06481481481481481
0.3661327763161937	-3.6119456	0.29411764705882354
0.486275241185837	-3.6535711	0.38636363636363635
0.46785478440077416	-3.6109855	0.3076923076923077
0.9999999999999993	-2.9441168	1.0
0.21638193776422762	-4.359051	0.06349206349206349
0.15058848575572123	-7.0669603	0.0660377358490566
0.30775055141076324	-3.9140534	0.2038834951456311
0.380215272899166	-3.4904673	0.22945205479452055
0.4349343623780017	-3.6031775	0.401360544217687
1.0000000000000075	-3.6281524	1.0
0.2401831853013559	-3.4739995	0.08076923076923077
0.17221676085181828	-9.326546	0.026041666666666664
0.3641473218925797	-4.8976293	0.24528301886792447
0.4476430600717793	-4.91835	0.2288135593220339
0.48652488181078024	-4.4063344	0.30327868852459017
1.0000000000000018	-4.0112796	1.0
0.23095285194609494	-4.4054947	0.07142857142857142
0.2641505369031413	-8.357038	0.02040816326530612
0.2637151899001654	-3.177832	0.2142857142857143
0.27034522142793477	-4.299076	0.14615384615384613
0.292124931836633	-3.9174352	0.2711864406779661
1.000000000000001	-4.8250885	1.0
0.2306536788133454	-4.06311	0.08235294117647059
0.19618225505179035	-7.9345107	0.028846153846153848
0.2200058390147851	-3.6576304	0.1517857142857143
0.3186969402468691	-3.8741693	0.16867469879518074
0.41958302864709135	-3.857107	0.29629629629629634
1.0000000000000016	-3.804929	1.0
0.22766853345882382	-4.470553	0.06666666666666667
0.25511409067142743	-8.790942	0.016129032258064516
0.38324805044382654	-3.4222887	0.28846153846153844
0.3522743359906729	-3.5786006	0.1935483870967742
0.36992219613792865	-2.7791376	0.3125
1.0000000000000002	-3.6991124	1.0
0.1946097819078505	-3.1984994	0.09701492537313433
0.19003640665855864	-7.9963455	0.02857142857142857
0.268695008466832	-4.0223336	0.14062500000000003
0.41281029069040204	-4.3806057	0.3253968253968254
0.4273195055502592	-4.3265185	0.39843749999999994
1.0000000000000104	-4.351566	1.0
0.272250922453973	-3.7075427	0.08252427184466021
0.2246516394398426	-7.971382	0.03614457831325301
0.32024601412776177	-4.2120004	0.1076923076923077
0.30202955937238	-4.2860594	0.13768115942028986
0.28159127611424334	-3.988029	0.1893939393939394
0.9999999999999966	-4.150251	1.0
0.21737200864701478	-4.249425	0.09174311926605505
0.2305840189802613	-8.280721	0.045454545454545456
0.43132783673949454	-3.4429739	0.43076923076923085
0.3598808086230016	-4.592857	0.2325581395348837
0.4396772022731724	-3.9155583	0.25595238095238093
1.0000000000000024	-4.0954194	1.0
0.2556754250712555	-4.3573565	0.0723684210526316
0.19466260867328003	-8.906128	0.03125
0.38051320051678394	-3.6191545	0.16875
0.3490038490051303	-3.8156295	0.22596153846153846
0.4328249389671401	-4.1708426	0.2722772277227723
1.0000000000000118	-4.2152767	1.0
0.27216426523367393	-5.0991054	0.06593406593406594
0.23226065743295382	-7.1400757	0.0410958904109589
0.32371678877407917	-2.9867604	0.18840579710144925
0.3660840076369613	-3.6060905	0.29120879120879123
0.435414003893388	-3.594536	0.358695652173913
1.00000000000001	-3.2750332	1.0
0.24675434441868382	-4.672933	0.09433962264150944
0.18726511528009804	-8.168658	0.022388059701492536
0.43250653883669643	-3.3755293	0.3061224489795918
0.3822449495108606	-2.7576232	0.15454545454545454
0.4376460911882259	-3.1197915	0.2596153846153846
1.0000000000000082	-3.6868358	1.0
0.1975866034308768	-4.434338	0.07228915662650602
0.22241550301595925	-9.653958	0.010638297872340425
0.4453377921519715	-2.9659731	0.4482758620689655
0.25289172246085695	-3.185216	0.22857142857142856
0.511958441226582	-2.509008	0.3783783783783784
0.9999999999999984	-3.5189319	1.0
0.15099498461640523	-4.2418337	0.06666666666666667
0.13571345561317877	-7.5017333	0.026785714285714284
0.24679582979421985	-3.864262	0.16822429906542055
0.3808188969507289	-4.6018705	0.21804511278195488
0.3539551502388466	-3.5595348	0.20149253731343286
1.0000000000000002	-4.557821	1.0
0.1683159716444717	-3.5417087	0.045000000000000005
0.16521913907648492	-7.55515	0.040229885057471264
0.49754537975623914	-6.5452967	0.40909090909090906
0.7059602918213762	-5.918395	0.6341463414634146
0.32634872536412146	-5.062339	0.25
1.0000000000000016	-5.6710954	1.0
0.22936930493085583	-4.9176626	0.059322033898305086
0.21791697615499778	-8.120115	0.025641025641025644
0.3365684867576336	-3.1610432	0.2802197802197802
0.42506809365456205	-3.905983	0.16406250000000003
0.43330897136641056	-3.11576	0.22799999999999998
0.9999999999999879	-3.846948	1.0
0.215670207788638	-2.9459822	0.05882352941176471
0.2121503328364289	-8.505795	0.012048192771084338
0.3449033872990267	-4.317304	0.17142857142857143
0.46292412537455047	-3.1976807	0.3452380952380952
0.3278028404482773	-3.3592045	0.20731707317073167
0.9999999999999918	-4.169577	1.0
0.14695240866192427	-4.489836	0.04639175257731959
0.2264687069652663	-7.9443045	0.0125
0.4804421966311776	-4.3142133	0.2755905511811024
0.4355244863897669	-3.911621	0.16785714285714287
0.44323665137340107	-4.106771	0.19343065693430656
1.000000000000007	-4.053766	1.0
0.169177243517617	-3.4689994	0.0514018691588785
0.13891293844334537	-9.137757	0.016129032258064516
0.5205030232986814	-3.3666494	0.2884615384615385
0.35406007558602265	-3.706156	0.14084507042253522
0.3961656232915087	-5.471817	0.21014492753623187
1.0000000000000053	-4.547517	1.0
0.20451565302324232	-4.04449	0.06451612903225806
0.19531713825791377	-8.181986	0.03508771929824561
0.5506776291011642	-2.754455	0.4418604651162791
0.37732406232364646	-2.532056	0.37719298245614036
0.6041717193564566	-2.1975176	0.6900000000000001
0.9999999999999973	-2.1963382	1.0
0.17234101444901134	-3.4642224	0.042253521126760556
0.16607162819048799	-8.58608	0.043478260869565216
0.5045761286841342	-3.967483	0.3676470588235294
0.45167869397122673	-3.300239	0.36250000000000004
0.39160430592814444	-3.1160667	0.23333333333333334
0.9999999999999962	-3.6776109	1.0
0.18220058268588443	-4.516206	0.06666666666666668
0.28274811552020346	-7.3905153	0.05
0.4205046903992371	-2.4845192	0.2337662337662338
0.44578250952588205	-2.9666936	0.2647058823529412
0.5361123655160922	-2.862519	0.3475609756097561
1.000000000000002	-2.9431193	1.0
0.25030262868283115	-4.2883716	0.07407407407407407
0.23579615032271756	-7.599754	0.04098360655737705
0.3920661722974844	-2.682351	0.2647058823529412
0.4441960561269324	-3.395225	0.21982758620689655
0.45349601327998734	-2.4550574	0.26126126126126126
1.000000000000009	-2.8872375	1.0
0.1749871790293708	-2.8958154	0.05882352941176472
0.25587892889287706	-8.859913	0.032467532467532464
0.33388808462454395	-3.5588086	0.23484848484848483
0.5107990257510723	-4.0232844	0.26875
0.5143105394332729	-4.225249	0.3333333333333333
0.9999999999999952	-4.3677945	1.0
0.2322413759041552	-4.5010047	0.050505050505050504
0.16625806938038773	-7.7842484	0.024193548387096774
0.4558112227197709	-3.881179	0.17567567567567566
0.3233889895458202	-4.286827	0.2216494845360825
0.4314955612224143	-4.3838396	0.23958333333333334
0.9999999999999986	-4.738836	1.0
0.18819192059893358	-4.040933	0.1
0.1695262283573932	-7.8400946	0.04285714285714286
0.20279828074449824	-3.222988	0.16666666666666666
0.4112037691736998	-3.7887719	0.16874999999999998
0.3186858932793319	-2.9384532	0.26582278481012656
1.0000000000000053	-3.7482064	1.0
0.2692674315303235	-4.315694	0.056818181818181816
0.27169177081151463	-8.140466	0.024590163934426233
0.28849640243830693	-4.7039723	0.10843373493975904
0.34520632483712316	-4.058918	0.21634615384615383
0.365094446828287	-4.227149	0.2602040816326531
0.9999999999999997	-4.0433054	1.0
0.2317387464988536	-4.3563995	0.04716981132075472
0.20883381585318417	-8.502521	0.0136986301369863
0.5900423563925034	-5.3472986	0.5111111111111112
0.7093781854406103	-5.7675934	0.6041666666666666
0.40903023164389457	-4.3072157	0.330188679245283
0.9999999999999986	-5.088761	1.0
0.19407177090886768	-2.866213	0.0625
0.23558099799667673	-7.3749604	0.05555555555555556
0.5140749606172488	-2.389677	0.4454545454545455
0.4129281114181651	-3.2194664	0.2105263157894737
0.3955485164913596	-2.346429	0.2818181818181818
0.9999999999999961	-2.7284195	1.0
0.19757268070094014	-3.2857385	0.07746478873239436
0.22569605881149543	-8.28371	0.020833333333333336
0.48810659103119064	-3.6962912	0.3448275862068966
0.3310767952571787	-3.6266181	0.24050632911392403
0.3547508283221071	-3.3361788	0.32716049382716045
0.9999999999999939	-4.4908123	1.0
0.2561930340575927	-4.030448	0.0975609756097561
0.1923824801919637	-6.9940515	0.03333333333333334
0.393854872857423	-4.20879	0.20000000000000004
0.4290338117584057	-4.1809297	0.15
0.7140650000051463	-4.647699	0.532258064516129
0.9999999999999988	-3.9234943	1.0
0.14470402369036006	-4.1724944	0.06666666666666667
0.14332902324088767	-8.284197	0.014285714285714285
0.5959047161507862	-2.7287643	0.5303030303030304
0.4493973325634496	-2.6509929	0.38749999999999996
0.44202188387505614	-2.2086277	0.34722222222222227
1.0000000000000104	-2.8721888	1.0
0.2392866829361469	-3.555835	0.05
0.25952176161046614	-7.244703	0.03846153846153846
0.4143804385213219	-4.795801	0.32432432432432434
0.32403232550140304	-3.991488	0.18181818181818185
0.5604465743255531	-4.429049	0.31958762886597936
0.9999999999999863	-3.5476775	1.0
0.2839053799698118	-4.175378	0.05445544554455446
0.23133483288823795	-8.469736	0.023076923076923078
0.42880252284897474	-4.5432606	0.15384615384615383
0.30917606536963066	-4.566383	0.20689655172413796
0.30734373298344886	-4.0776744	0.21929824561403508
0.9999999999999902	-4.2968464	1.0
0.3007466652505373	-3.9477477	0.07142857142857142
0.2853668768523041	-7.9925485	0.04081632653061224
0.5234307769356569	-4.632954	0.3913043478260869
0.2977755939205229	-3.4155204	0.19767441860465118
0.35167306074925037	-4.7153654	0.22289156626506024
0.9999999999999967	-4.4368773	1.0
0.294214598593853	-5.140964	0.07894736842105264
0.24253318976951752	-8.726148	0.023076923076923078
0.5173577203750477	-3.9694748	0.2934782608695652
0.4173292294104068	-4.190835	0.20491803278688525
0.4671237635563052	-3.958708	0.29166666666666674
0.9999999999999929	-3.4944768	1.0
0.23021152427070052	-3.4070444	0.060975609756097573
0.22585171499759824	-8.169394	0.03
0.4269340201096643	-3.2657123	0.30434782608695654
0.4291533164873096	-3.2648861	0.3114754098360656
0.3738049086771934	-2.778957	0.19298245614035087
1.0000000000000124	-3.619685	1.0
0.24470314030954873	-3.238424	0.09482758620689655
0.20778794203738063	-8.303086	0.030612244897959183
0.3550387498774525	-4.8945036	0.2978723404255319
0.2415397196040621	-4.5971966	0.16964285714285715
0.33555959347517256	-4.6459284	0.14814814814814814
0.9999999999999986	-5.0735216	1.0
0.2917569027255834	-4.5933776	0.05737704918032786
0.3238755869267015	-8.36395	0.06521739130434784
0.3627482352716706	-2.7478328	0.373015873015873
0.2606118260424064	-3.6997752	0.17164179104477612
0.3692066865597224	-3.4905927	0.2661290322580645
1.0000000000000007	-3.348376	1.0
0.2000720340231692	-3.1112928	0.07352941176470588
0.2995905626256354	-8.37465	0.057692307692307696
0.561388611373835	-2.8088164	0.32075471698113206
0.34702892386837786	-2.6823847	0.27586206896551724
0.46003903258432005	-3.2714548	0.25
1.0000000000000002	-2.9304757	1.0
0.22997445720462442	-4.771017	0.08333333333333333
0.20622973732523772	-8.968173	0
0.3605907931461413	-3.4959538	0.2263157894736842
0.3220672433024566	-4.909707	0.19047619047619047
0.3881555606559014	-4.4985685	0.2025862068965517
1.0000000000000056	-4.034988	1.0
0.23901047615665172	-4.0804143	0.09765624999999999
0.16482049500850626	-8.835844	0.011764705882352941
0.28952303246798666	-2.4904172	0.36274509803921573
0.24902511449099005	-3.064156	0.29310344827586204
0.3503100616802437	-3.9607532	0.25
0.9999999999999966	-3.4384532	1.0
0.1861535338690572	-4.482369	0.09722222222222221
0.18600028702648916	-7.2933235	0.051020408163265314
0.3262698201967257	-3.853001	0.20833333333333334
0.31225550210380204	-3.678645	0.18000000000000002
0.34158879085052135	-3.136894	0.2222222222222222
1.0000000000000073	-3.924081	1.0
0.1991536725606992	-4.1140604	0.04545454545454545
0.2227855227963239	-7.9933014	0.010869565217391304
0.2345317213287019	-4.631074	0.0847457627118644
0.36534654738588873	-4.70611	0.21153846153846154
0.4643532480402294	-4.762074	0.27922077922077926
0.9999999999999991	-4.8635654	1.0
0.29958747713943884	-4.8632226	0.06842105263157895
0.20183483649920733	-7.8964424	0.00847457627118644
0.27526256978631697	-3.4491735	0.15
0.37432722098529114	-4.2333775	0.21825396825396826
0.38780959551259603	-3.3850563	0.25210084033613445
1.0000000000000107	-3.5315878	1.0
0.1375779928133237	-4.3229055	0.05789473684210526
0.25041296624313353	-7.9237976	0.011904761904761906
0.29185916752863433	-3.506301	0.24218749999999997
0.3323224234319247	-4.965277	0.2180851063829787
0.4583444480079618	-3.6464758	0.4090909090909091
1.0000000000000036	-3.897209	1.0
0.21244301231355492	-4.343378	0.08928571428571427
0.15937107820328095	-7.3405595	0.02985074626865672
0.37746467373258247	-4.979602	0.2803030303030303
0.35196010313751	-5.834422	0.16
0.4273648125257336	-5.6984563	0.17692307692307688
1.0000000000000016	-4.9317446	1.0
0.1970752377640547	-4.3717613	0.056451612903225805
0.20978589787944785	-7.8002524	0.03571428571428572
0.4195120210015629	-4.0421877	0.2230769230769231
0.3707468677207748	-3.828799	0.19186046511627905
0.329141487949036	-3.4930167	0.15243902439024393
0.9999999999999903	-4.274878	1.0
0.25816111651583207	-4.2591705	0.06329113924050632
0.09535868818740895	-7.5824113	0.04098360655737705
0.35710170372834854	-3.5357091	0.2111111111111111
0.44811857196505606	-3.7393084	0.2567567567567568
0.44460040546190716	-3.8388906	0.18461538461538463
0.9999999999999968	-3.4852154	1.0
0.160119238319269	-3.9825923	0.0859375
0.271648913174571	-8.036581	0.027272727272727275
0.5235542325783308	-1.7115569	0.5230769230769231
0.3889197006763959	-2.3715289	0.23846153846153845
0.49666983226199607	-2.3126776	0.32031249999999994
1.0000000000000182	-1.9427783	1.0
0.2515848304676653	-3.6099527	0.06493506493506494
0.2753846636888433	-7.4808946	0.018518518518518517
0.40986343243271756	-3.476286	0.176056338028169
0.3902239798996142	-3.4904757	0.19999999999999998
0.3638831182973721	-3.2638936	0.3733333333333333
0.9999999999999972	-4.042669	1.0
0.18648197013727472	-3.482567	0.0875
0.17425061610865386	-7.755783	0.01694915254237288
0.5756542950728896	-3.7194471	0.3706896551724138
0.38068827366336666	-4.1350007	0.2
0.5833687109965897	-3.4290674	0.32142857142857145
1.0	-3.8182428	1.0
0.2254849979012336	-2.332698	0.05147058823529412
0.21864485913244322	-7.2811418	0.010416666666666668
0.476933895080572	-3.225589	0.3285714285714285
0.4519062332698823	-3.5228136	0.2785714285714285
0.46758188599002093	-3.8289137	0.29285714285714287
0.9999999999999994	-3.7291155	1.0
0.2670714106456767	-3.4800477	0.0955056179775281
0.23783230360705465	-9.312204	0.01785714285714286
0.43596962388303434	-2.878523	0.2777777777777778
0.4352645782307729	-4.023872	0.23660714285714285
0.48636598064799913	-3.264503	0.25961538461538464
1.0000000000000075	-3.4615297	1.0
0.2073443044700089	-4.782941	0.049999999999999996
0.18928167548321428	-8.387	0.04666666666666667
0.5060493175947155	-3.6400495	0.47321428571428575
0.44688696203242423	-4.5891757	0.18493150684931506
0.39477855947426754	-3.6723747	0.1956521739130435
1.0000000000000038	-4.41922	1.0
0.26369576765709335	-3.0715253	0.05612244897959184
0.2150834462869472	-8.452768	0.01785714285714286
0.22589248661168296	-5.481459	0.16666666666666669
0.3743188464444845	-5.207518	0.23239436619718307
0.36214014311216675	-3.5160432	0.20833333333333334
1.0000000000000007	-4.254331	1.0
0.17812538033551564	-3.4138172	0.06034482758620689
0.19018006474731433	-8.805227	0.052631578947368425
0.5675554097813874	-5.508438	0.5
0.4637649005523743	-5.0394053	0.21052631578947367
0.43827931925486	-4.5483418	0.24324324324324323
1.0000000000000049	-5.023643	1.0
0.1913003248175455	-3.9475715	0.09166666666666666
0.18880926516241112	-8.2281475	0.03846153846153846
0.41564647900405366	-3.3097413	0.22340425531914895
0.46322517761520526	-3.889966	0.21641791044776118
0.47781572873429334	-3.5436265	0.31048387096774194
0.9999999999999902	-3.1659255	1.0
0.2096281666086389	-3.8791184	0.07766990291262137
0.17394559515812205	-7.427803	0.01744186046511628
0.36895538525568927	-3.3944838	0.2711864406779661
0.30658406453329257	-2.7802134	0.24675324675324675
0.4725982000995639	-3.5041344	0.30666666666666664
1.0000000000000016	-3.30064	1.0
0.3250183310663712	-4.2369814	0.09302325581395349
0.2692843735715672	-8.524136	0.05932203389830508
0.4754395864069363	-3.0893133	0.25882352941176473
0.5874543325900143	-4.778432	0.3920454545454546
0.5897468120308403	-4.004506	0.5872093023255814
0.9999999999999984	-3.9056284	1.0
0.18861295894555732	-4.4703236	0.060000000000000005
0.2153065327517076	-8.236791	0.007692307692307693
0.35240713370586346	-4.2774143	0.15068493150684933
0.43641640512692526	-3.9220583	0.21428571428571427
0.440919570383895	-3.9538295	0.38461538461538464
0.3887074139104997	-3.5851805	0.17857142857142858
0.41103816897413775	-3.842823	0.24019607843137258
0.6143977529969399	-3.4768786	0.41964285714285715
0.31129403489297414	-3.46009	0.1984126984126984
0.4405375342663502	-4.621783	0.33157894736842103
0.42419723737485254	-3.8225453	0.3510638297872341
0.5178157412623555	-2.247044	0.36470588235294116
0.4548670525693852	-3.304051	0.26162790697674426
0.31094163839958927	-5.55937	0.1791044776119403
0.4023501494751666	-5.1147156	0.29787234042553196
0.45125989891348783	-3.5627546	0.2268041237113402
0.46803488909020735	-3.0900826	0.31052631578947365
0.4217737788753624	-3.7286043	0.265625
0.5008327236394184	-3.0915425	0.36057692307692313
0.38163090662326615	-3.1616025	0.2833333333333333
0.3781557944490745	-3.3289988	0.15789473684210525
0.4622355186524806	-3.675992	0.35185185185185186
0.3980795605222104	-3.5047512	0.18571428571428572
0.33751675221314986	-3.193875	0.26881720430107525
0.39038241232172677	-3.7513118	0.27272727272727276
0.3565837772753324	-4.852336	0.22340425531914895
0.5031719922111264	-3.2055929	0.26436781609195403
0.4120036284902732	-3.0638123	0.2230769230769231
0.5030803796515723	-3.3221378	0.25980392156862747
0.27790161813464764	-3.3205774	0.19444444444444445
0.4469359304012661	-3.6342611	0.26
0.44973354151983924	-5.225798	0.2222222222222222
0.49063602975325493	-4.7431746	0.36486486486486486
0.3711859581982683	-3.4529626	0.19166666666666665
0.46352021094074086	-3.761777	0.23529411764705882
0.43642514661733744	-3.6666665	0.28125
0.37961911005145943	-3.357386	0.30508474576271183
0.4353154970182105	-3.6612992	0.2875
0.44103131752751545	-3.0976474	0.3241758241758242
0.5163731613790052	-3.4580884	0.4807692307692307
0.4267449678383019	-2.991899	0.26623376623376627
0.40959390885716757	-3.5709655	0.2345132743362832
0.5560510202402027	-3.261671	0.40972222222222227
0.33692732206997966	-3.4620435	0.19852941176470587
0.4282917975405342	-2.9136562	0.34
0.25363391967341414	-3.135971	0.2631578947368421
0.5288548630851122	-2.5447524	0.3579545454545454
0.38385097269839624	-3.8198748	0.29411764705882354
0.4088442696243054	-3.657749	0.3220338983050847
